model,host,size,decay,onset_ms,density_0_50,density_0_100,density_100_500,crest,rms_tail,peak,rt20,rt30,rt60,centroid_hz,energy_db
legacy32k,32000,0,0.5,0,960,830,352.5,39.5791,0.0030061,0.183589,2.00053,2.04188,2.04188,5237.61,2.94521
legacy32k,32000,0,0.877465,0,960,830,815,20.0911,0.00592196,0.183589,8.10187,6.59187,6.59187,5472.36,7.17602
legacy32k,32000,0,0.95,0,960,830,870,15.1022,0.00811434,0.183589,8.20191,5.60712,5.60712,5494.14,9.5711
legacy32k,32000,1,0.5,0,980,810,407.5,39.9686,0.00301997,0.154088,4.18575,4.15925,4.15925,4343.3,2.6676
legacy32k,32000,1,0.877465,0,980,810,590,21.3573,0.00565167,0.154088,8.35369,5.79931,5.79931,4343.3,6.71758
legacy32k,32000,1,0.95,0,980,810,622.5,16.8129,0.00719127,0.154088,6.7485,4.57613,4.57613,4343.3,8.55155
legacy32k,32000,2,0.5,0,1000,690,327.5,36.4762,0.00331614,0.148203,8.01262,6.88956,6.88956,5487.2,2.90979
legacy32k,32000,2,0.877465,0,1000,690,327.5,21.7932,0.00555039,0.148203,7.10419,4.81106,4.81106,5487.2,6.46063
legacy32k,32000,2,0.95,0,1000,690,327.5,19.4558,0.00644082,0.148203,5.79628,3.90644,3.90644,5487.2,7.60352
legacy32k,44100,0,0.5,0,1220,1000,350,32.673,0.00213093,0.133221,1.48639,1.5024,1.5024,6580.08,2.32053
legacy32k,44100,0,0.877465,0,1220,1000,1050,24.5486,0.00469934,0.133221,6.55218,6.19483,6.19483,6680.7,6.74263
legacy32k,44100,0,0.95,0,1220,1000,1160,18.5125,0.00670635,0.133221,8.60435,6.02385,6.02385,6687.27,9.37547
legacy32k,44100,1,0.5,0,960,980,340,29.7818,0.00221441,0.138213,3.07102,3.04168,3.04168,5410.54,2.09801
legacy32k,44100,1,0.877465,0,960,980,725,23.5349,0.00458158,0.138213,8.60088,6.21868,6.21868,5735.71,6.42259
legacy32k,44100,1,0.95,0,960,980,787.5,18.9737,0.00615719,0.138213,7.24442,4.92943,4.92943,5796.38,8.63204
legacy32k,44100,2,0.5,0,920,950,345,38.6906,0.0024176,0.133221,6.11592,5.96304,5.96304,5979.92,2.29045
legacy32k,44100,2,0.877465,0,920,950,417.5,22.2873,0.00456945,0.133221,7.56918,5.16735,5.16735,5979.92,6.31484
legacy32k,44100,2,0.95,0,920,950,422.5,19.8318,0.00557709,0.133221,6.10306,4.12971,4.12971,5979.92,7.80953
legacy32k,48000,0,0.5,0,1220,1080,332.5,34.5963,0.00190143,0.129688,1.35844,1.38437,1.38437,6943.9,2.13239
legacy32k,48000,0,0.877465,0,1220,1080,1085,25.1129,0.00438999,0.129688,6.07606,5.94325,5.94325,6980.91,6.59944
legacy32k,48000,0,0.95,0,1220,1080,1205,18.7455,0.00633696,0.129688,8.63687,6.12004,6.12004,6978.92,9.28465
legacy32k,48000,1,0.5,0,1000,940,385,29.317,0.00202823,0.129688,2.82081,2.79125,2.79125,5894.01,1.95142
legacy32k,48000,1,0.877465,0,1000,940,795,23.9989,0.00431473,0.129688,8.58906,6.30446,6.30446,6286.53,6.31672
legacy32k,48000,1,0.95,0,1000,940,875,19.0447,0.00588198,0.129688,7.41038,5.03562,5.03562,6343.81,8.61765
legacy32k,48000,2,0.5,0,900,920,347.5,40.6118,0.00224027,0.129688,5.63963,5.567,5.567,6508.63,2.12281
legacy32k,48000,2,0.877465,0,900,920,460,24.0741,0.00434181,0.129688,7.73075,5.27621,5.27621,6508.63,6.25291
legacy32k,48000,2,0.95,0,900,920,482.5,21.0436,0.00537205,0.129688,6.19525,4.18196,4.18196,6508.63,7.84847
legacy32k,88200,0,0.5,0,1500,1280,205,33.5988,0.00104972,0.102244,0.742109,0.756961,0.756961,9687.38,1.87302
legacy32k,88200,0,0.877465,0,1500,1320,1120,19.4845,0.00293336,0.102244,3.35099,3.46392,3.46392,10389.5,6.36446
legacy32k,88200,0,0.95,0,1500,1320,1417.5,13.9954,0.00444703,0.106867,7.54721,6.55234,6.55234,10514.4,9.15226
legacy32k,88200,1,0.5,0,1380,1280,307.5,35.5191,0.00123136,0.104032,1.53007,1.51556,1.51556,12532.4,1.82087
legacy32k,88200,1,0.877465,0,1380,1280,1132.5,25.3457,0.00304471,0.104032,6.43942,6.18361,6.18361,12681.5,6.22014
legacy32k,88200,1,0.95,0,1380,1280,1265,18.9276,0.00441658,0.104032,8.5785,6.01887,6.01887,12691.7,8.86999
legacy32k,88200,2,0.5,0,1280,1130,472.5,32.3506,0.00141595,0.0993684,3.07,3.08088,3.08088,9957.11,1.90638
legacy32k,88200,2,0.877465,0,1280,1130,877.5,24.3436,0.00316237,0.0993684,8.70629,6.24528,6.24528,9957.11,6.33615
legacy32k,88200,2,0.95,0,1280,1130,937.5,19.3332,0.00429182,0.0993684,7.29129,4.94857,4.94857,9957.11,8.5718
legacy32k,96000,0,0.5,0,1760,1390,187.5,39.778,0.000876948,0.0928012,0.692531,0.704812,0.704812,8909.5,1.10133
legacy32k,96000,0,0.877465,0,1760,1410,1152.5,20.1014,0.00262242,0.0928012,3.13294,3.21635,3.21635,9892.03,5.8116
legacy32k,96000,0,0.95,0,1760,1420,1477.5,13.8357,0.00405934,0.0928012,7.18566,6.46438,6.46438,10048.6,8.73252
legacy32k,96000,1,0.5,0,1520,1250,290,35.8551,0.00107248,0.0922028,1.42231,1.41577,1.41577,11109.7,1.03912
legacy32k,96000,1,0.877465,0,1520,1250,1215,25.4018,0.00275882,0.0922028,6.02966,5.95794,5.95794,11287.4,5.67432
legacy32k,96000,1,0.95,0,1520,1250,1367.5,18.7122,0.00406987,0.0922028,8.58925,6.05054,6.05054,11312,8.47967
legacy32k,96000,2,0.5,0,1460,1180,452.5,33.9259,0.00123589,0.0922028,2.83781,2.83831,2.83831,8970.29,1.11762
legacy32k,96000,2,0.877465,0,1460,1180,942.5,25.6989,0.00285624,0.0922028,8.62187,6.2739,6.2739,8992.54,5.77033
legacy32k,96000,2,0.95,0,1460,1180,1032.5,20.1027,0.00395477,0.0922028,7.26937,4.93615,4.93615,8997.82,8.18048
legacy32k,192000,0,0.5,0,1960,1400,40,42.1804,0.000310787,0.0698421,0.360625,0.364729,0.364729,14673.4,-0.301563
legacy32k,192000,0,0.877465,0,1960,1550,722.5,22.589,0.00138074,0.0698421,1.59517,1.65121,1.65121,14849.9,4.60264
legacy32k,192000,0,0.95,0,1980,1550,1470,16.2925,0.00237456,0.0698421,3.8502,4.04117,4.04117,14940.7,7.69079
legacy32k,192000,1,0.5,0,1900,1460,182.5,40.5055,0.00050128,0.0594404,0.709047,0.718177,0.718177,16569.2,-0.35982
legacy32k,192000,1,0.877465,0,1900,1490,1287.5,20.6099,0.00158563,0.0594404,3.14692,3.26722,3.26722,17138.1,4.47758
legacy32k,192000,1,0.95,0,1900,1490,1585,13.9848,0.00250471,0.0594404,7.3267,6.46854,6.46854,17241.7,7.5349
legacy32k,192000,2,0.5,0,1600,1360,397.5,40.0169,0.000654713,0.0594011,1.42966,1.44551,1.44551,22092.7,-0.292515
legacy32k,192000,2,0.877465,0,1600,1360,1350,25.702,0.00173667,0.0594011,6.16413,6.00041,6.00041,22304,4.58717
legacy32k,192000,2,0.95,0,1600,1360,1485,18.4762,0.0026076,0.0594011,8.46647,5.9413,5.9413,22330.5,7.56597
correct,32000,0,0.5,0,960,830,352.5,39.5791,0.0030061,0.183589,2.00053,2.04188,2.04188,5237.61,2.94521
correct,32000,0,0.877465,0,960,830,815,20.0911,0.00592196,0.183589,8.10187,6.59187,6.59187,5472.36,7.17602
correct,32000,0,0.95,0,960,830,870,15.1022,0.00811434,0.183589,8.20191,5.60712,5.60712,5494.14,9.5711
correct,32000,1,0.5,0,980,810,407.5,39.9686,0.00301997,0.154088,4.18575,4.15925,4.15925,4343.3,2.6676
correct,32000,1,0.877465,0,980,810,590,21.3573,0.00565167,0.154088,8.35369,5.79931,5.79931,4343.3,6.71758
correct,32000,1,0.95,0,980,810,622.5,16.8129,0.00719127,0.154088,6.7485,4.57613,4.57613,4343.3,8.55155
correct,32000,2,0.5,0,1000,690,327.5,36.4762,0.00331614,0.148203,8.01262,6.88956,6.88956,5487.2,2.90979
correct,32000,2,0.877465,0,1000,690,327.5,21.7932,0.00555039,0.148203,7.10419,4.81106,4.81106,5487.2,6.46063
correct,32000,2,0.95,0,1000,690,327.5,19.4558,0.00644082,0.148203,5.79628,3.90644,3.90644,5487.2,7.60352
correct,44100,0,0.5,0,1040,940,400,38.7848,0.00233444,0.137445,2.03898,2.06336,2.06336,5572.29,2.18061
correct,44100,0,0.877465,0,1040,940,915,23.1568,0.00457555,0.137445,8.0819,6.58508,6.58508,5811.32,6.35044
correct,44100,0,0.95,0,1040,940,997.5,17.9933,0.0062721,0.137445,8.1817,5.59016,5.59016,5837.2,8.73952
correct,44100,1,0.5,0,940,840,387.5,34.8472,0.00242806,0.136742,4.22741,4.18331,4.18331,6217.52,2.14802
correct,44100,1,0.877465,0,940,840,577.5,21.7384,0.00454696,0.136742,8.33109,5.77755,5.77755,6217.52,6.21358
correct,44100,1,0.95,0,940,840,620,18.4787,0.00579486,0.136742,6.68286,4.5312,4.5312,6217.52,8.06273
correct,44100,2,0.5,0,960,710,310,32.252,0.00259952,0.133783,8.14007,6.87265,6.87265,7032.49,2.15498
correct,44100,2,0.877465,0,960,710,310,22.041,0.00438978,0.133783,6.86129,4.64766,4.64766,7032.49,5.79157
correct,44100,2,0.95,0,960,710,310,20.5126,0.00510546,0.133783,5.62054,3.79002,3.79002,7032.49,6.9577
correct,48000,0,0.5,0,1000,910,410,47.3277,0.00220068,0.133469,2.03025,2.05758,2.05758,5949.03,2.01698
correct,48000,0,0.877465,0,1000,910,907.5,24.0895,0.00432359,0.133469,8.0705,6.57717,6.57717,6226.06,6.21582
correct,48000,0,0.95,0,1000,910,997.5,17.6712,0.00593189,0.133469,8.171,5.57917,5.57917,6256.09,8.61628
correct,48000,1,0.5,0,880,790,370,46.1591,0.0022788,0.133098,4.24887,4.19754,4.19754,6465.49,1.96175
correct,48000,1,0.877465,0,880,790,550,24.4595,0.00430048,0.133098,8.29381,5.75188,5.75188,6465.49,6.08631
correct,48000,1,0.95,0,880,790,582.5,19.1534,0.00549185,0.133098,6.64087,4.50154,4.50154,6465.49,7.95526
correct,48000,2,0.5,0,880,670,300,41.3724,0.00245091,0.130516,8.1345,6.92521,6.92521,8200.15,2.01694
correct,48000,2,0.877465,0,880,670,300,24.858,0.00407916,0.130516,6.93819,4.70117,4.70117,8200.15,5.54067
correct,48000,2,0.95,0,880,670,300,21.4145,0.00473511,0.130516,5.68669,3.83467,3.83467,8200.15,6.68744
correct,88200,0,0.5,0,1220,1110,455,68.2588,0.00154126,0.105205,2.02932,2.05481,2.05481,10497.3,1.60718
correct,88200,0,0.877465,0,1220,1110,967.5,36.1531,0.00290998,0.105205,7.97405,6.60388,6.60388,10424.6,5.49436
correct,88200,0,0.95,0,1220,1110,1065,26.6573,0.00394657,0.105205,8.29384,5.67925,5.67925,10405.5,7.77307
correct,88200,1,0.5,0,1140,1030,470,66.0156,0.00163151,0.107705,4.21711,4.18161,4.18161,13129,1.66838
correct,88200,1,0.877465,0,1140,1030,697.5,36.7042,0.0029344,0.107705,8.45041,5.87481,5.87481,13129,5.45886
correct,88200,1,0.95,0,1140,1030,735,29.0926,0.00370214,0.107705,6.88211,4.66444,4.66444,13129,7.21588
correct,88200,2,0.5,0,1120,850,410,62.7516,0.00170678,0.107104,8.07241,6.95565,6.95565,11804.2,1.55165
correct,88200,2,0.877465,0,1120,850,410,38.9391,0.00275054,0.107104,7.30299,4.95873,4.95873,11804.2,4.81407
correct,88200,2,0.95,0,1120,850,410,33.7711,0.00317146,0.107104,5.90786,3.98737,3.98737,11804.2,5.89635
correct,96000,0,0.5,0,1180,1070,462.5,54.7542,0.00136135,0.0922028,2.05866,2.07371,2.07371,9842.35,0.825847
correct,96000,0,0.877465,0,1180,1070,977.5,28.2707,0.00263664,0.0922028,7.97622,6.5571,6.5571,10104.6,4.93925
correct,96000,0,0.95,0,1180,1070,1090,20.6564,0.00360855,0.0922028,8.16509,5.58288,5.58288,10137.6,7.3166
correct,96000,1,0.5,0,1120,1000,455,54.0756,0.00143005,0.0922028,4.27891,4.22431,4.22431,10400.5,0.82902
correct,96000,1,0.877465,0,1120,1000,697.5,29.5458,0.00261733,0.0922028,8.33528,5.78329,5.78329,10400.5,4.78488
correct,96000,1,0.95,0,1120,1000,715,23.2842,0.00332118,0.0922028,6.72416,4.55608,4.55608,10400.5,6.60332
correct,96000,2,0.5,0,1100,810,450,47.0154,0.00153456,0.0923172,8.14747,6.94829,6.94829,11007.5,0.889274
correct,96000,2,0.877465,0,1100,810,450,28.8449,0.00250124,0.0923172,7.06416,4.79498,4.79498,11007.5,4.29411
correct,96000,2,0.95,0,1100,810,450,24.9461,0.00289215,0.0923172,5.75934,3.8861,3.8861,11007.5,5.41237
correct,192000,0,0.5,0,1220,1180,470,71.0042,0.000798959,0.057313,2.0342,2.05775,2.05775,21511.3,-0.758575
correct,192000,0,0.877465,0,1220,1180,997.5,38.6002,0.00146966,0.057313,7.90541,6.60309,6.60309,20618.8,2.96466
correct,192000,0,0.95,0,1220,1180,1140,28.647,0.00198029,0.057313,8.349,5.72743,5.72743,20447.4,5.18278
correct,192000,1,0.5,0,1180,1060,575,63.5896,0.000841695,0.0570119,4.22827,4.20641,4.20641,22484.2,-0.76305
correct,192000,1,0.877465,0,1180,1060,817.5,36.3619,0.00147195,0.0570119,8.49489,5.90907,5.90907,22484.2,2.8573
correct,192000,1,0.95,0,1180,1060,852.5,28.9848,0.00184659,0.0570119,6.96502,4.71694,4.71694,22484.2,4.56627
correct,192000,2,0.5,0,1160,920,602.5,58.5453,0.000898731,0.0570081,8.08064,6.97207,6.97207,22246.8,-0.734666
correct,192000,2,0.877465,0,1160,920,602.5,37.2727,0.00141166,0.0570081,7.36816,5.00378,5.00378,22246.8,2.38486
correct,192000,2,0.95,0,1160,920,602.5,32.4607,0.00162093,0.0570081,6.01727,4.06192,4.06192,22246.8,3.43794
invariant,32000,0,0.5,0,1120,1100,350,30.5315,0.00250115,0.1443,1.32497,1.37112,1.37112,4452.37,2.92419
invariant,32000,0,0.877465,0,1120,1100,1025,22.9314,0.00560292,0.1443,6.07369,5.98594,5.98594,4447.66,7.08256
invariant,32000,0,0.95,0,1120,1100,1140,17.4645,0.00793026,0.1443,8.79966,6.25794,6.25794,4442.28,9.56229
invariant,32000,1,0.5,0,960,1030,437.5,27.5976,0.00271072,0.1443,2.75728,2.76687,2.76687,4989.06,2.82393
invariant,32000,1,0.877465,0,960,1030,880,22.4033,0.0056422,0.1443,8.66719,6.401,6.401,5265.32,6.96522
invariant,32000,1,0.95,0,960,1030,945,17.9927,0.00759457,0.1443,7.69491,5.22562,5.22562,5293.41,9.13661
invariant,32000,2,0.5,0,840,890,360,33.152,0.0028596,0.1443,5.60456,5.5745,5.5745,4046.95,2.68171
invariant,32000,2,0.877465,0,840,890,482.5,21.5333,0.0054677,0.1443,7.93622,5.42031,5.42031,4046.95,6.59414
invariant,32000,2,0.95,0,840,890,497.5,18.9211,0.00673109,0.1443,6.38325,4.31581,4.31581,4046.95,8.12119
invariant,44100,0,0.5,0,1200,1070,327.5,35.3691,0.00199472,0.133529,1.35755,1.38259,1.38259,5925.62,2.27317
invariant,44100,0,0.877465,0,1200,1070,1065,25.7923,0.00457686,0.133529,6.06694,5.95052,5.95052,5934.9,6.64047
invariant,44100,0,0.95,0,1200,1070,1197.5,19.3351,0.00657741,0.133529,8.68245,6.16381,6.16381,5928.45,9.27033
invariant,44100,1,0.5,0,960,1000,380,29.5176,0.0021605,0.133347,2.81034,2.78553,2.78553,5908.99,2.22039
invariant,44100,1,0.877465,0,960,1000,812.5,24.0447,0.00455666,0.133347,8.62082,6.34181,6.34181,6465.31,6.46956
invariant,44100,1,0.95,0,960,1000,902.5,19.1537,0.00618467,0.133347,7.50327,5.09746,5.09746,6534.31,8.71761
invariant,44100,2,0.5,0,780,840,340,35.2039,0.0023417,0.133347,5.63952,5.58676,5.58676,6195.19,2.19729
invariant,44100,2,0.877465,0,780,840,465,22.9186,0.00445195,0.133347,7.87898,5.37986,5.37986,6195.19,6.15345
invariant,44100,2,0.95,0,780,840,490,20.1431,0.00548116,0.133347,6.32959,4.27646,4.27646,6195.19,7.69565
invariant,48000,0,0.5,0,1220,1080,332.5,34.5963,0.00190143,0.129688,1.35844,1.38437,1.38437,6943.9,2.13239
invariant,48000,0,0.877465,0,1220,1080,1085,25.1129,0.00438999,0.129688,6.07606,5.94325,5.94325,6980.91,6.59944
invariant,48000,0,0.95,0,1220,1080,1205,18.7455,0.00633696,0.129688,8.63687,6.12004,6.12004,6978.92,9.28465
invariant,48000,1,0.5,0,1000,940,385,29.317,0.00202823,0.129688,2.82081,2.79125,2.79125,5894.01,1.95142
invariant,48000,1,0.877465,0,1000,940,795,23.9989,0.00431473,0.129688,8.58906,6.30446,6.30446,6286.53,6.31672
invariant,48000,1,0.95,0,1000,940,875,19.0447,0.00588198,0.129688,7.41038,5.03562,5.03562,6343.81,8.61765
invariant,48000,2,0.5,0,900,920,347.5,40.6118,0.00224027,0.129688,5.63963,5.567,5.567,6508.63,2.12281
invariant,48000,2,0.877465,0,900,920,460,24.0741,0.00434181,0.129688,7.73075,5.27621,5.27621,6508.63,6.25291
invariant,48000,2,0.95,0,900,920,482.5,21.0436,0.00537205,0.129688,6.19525,4.18196,4.18196,6508.63,7.84847
invariant,88200,0,0.5,0,1360,1200,337.5,36.4003,0.00133149,0.107856,1.3484,1.37612,1.37612,11690,1.72994
invariant,88200,0,0.877465,0,1360,1200,1115,24.8213,0.00295795,0.107856,5.94037,5.84388,5.84388,11963,5.90227
invariant,88200,0,0.95,0,1360,1200,1275,18.7807,0.00422123,0.107856,8.7134,6.19077,6.19077,11981.6,8.45904
invariant,88200,1,0.5,0,1160,1060,440,41.712,0.00145366,0.105315,2.82425,2.79644,2.79644,10146.7,1.74948
invariant,88200,1,0.877465,0,1160,1060,892.5,24.713,0.00297589,0.105315,8.63439,6.37748,6.37748,10148.8,5.81545
invariant,88200,1,0.95,0,1160,1060,975,19.8701,0.00401252,0.105315,7.57395,5.15333,5.15333,10149.4,7.99849
invariant,88200,2,0.5,0,1060,1010,470,45.4386,0.00157504,0.105295,5.71218,5.61923,5.61923,11461.9,1.74793
invariant,88200,2,0.877465,0,1060,1010,600,23.9204,0.0029919,0.105295,7.75269,5.29653,5.29653,11461.9,5.70697
invariant,88200,2,0.95,0,1060,1010,610,20.8133,0.00369526,0.105295,6.2081,4.18898,4.18898,11461.9,7.27479
invariant,96000,0,0.5,0,1340,1150,312.5,32.1451,0.00118037,0.0995715,1.36966,1.38938,1.38938,10506.8,0.961725
invariant,96000,0,0.877465,0,1340,1150,1067.5,23.671,0.00268565,0.0995715,5.98819,5.85973,5.85973,10827.9,5.35208
invariant,96000,0,0.95,0,1340,1150,1242.5,17.7054,0.0038773,0.0995715,8.61419,6.09994,6.09994,10861,8.03327
invariant,96000,1,0.5,0,1160,1020,380,30.1735,0.00129268,0.0993553,2.85756,2.82004,2.82004,9636.87,0.935989
invariant,96000,1,0.877465,0,1160,1020,837.5,22.1665,0.00274745,0.0993553,8.54756,6.2686,6.2686,9636.87,5.36689
invariant,96000,1,0.95,0,1160,1020,920,17.5258,0.00375333,0.0993553,7.324,4.97948,4.97948,9636.87,7.70058
invariant,96000,2,0.5,0,1020,1000,385,40.5693,0.00139827,0.0992945,5.72231,5.6346,5.6346,9351.33,1.00087
invariant,96000,2,0.877465,0,1020,1000,522.5,22.8016,0.00269449,0.0992945,7.63441,5.21319,5.21319,9351.33,5.11268
invariant,96000,2,0.95,0,1020,1000,535,19.9136,0.00333851,0.0992945,6.08253,4.10206,4.10206,9351.33,6.72106
invariant,192000,0,0.5,0,1440,1260,412.5,42.4724,0.000702901,0.0567763,1.37258,1.3869,1.3869,18567,-0.582846
invariant,192000,0,0.877465,0,1440,1260,1255,23.4709,0.00154461,0.0567763,5.89256,5.79342,5.79342,18720.9,3.60302
invariant,192000,0,0.95,0,1440,1260,1455,17.6681,0.00221247,0.0567763,8.66631,6.14483,6.14483,18736.2,6.20319
invariant,192000,1,0.5,0,1140,1160,527.5,49.4877,0.000764531,0.0570297,2.87613,2.83756,2.83756,22273.5,-0.597175
invariant,192000,1,0.877465,0,1140,1160,1055,24.1407,0.00156727,0.0570297,8.59814,6.31821,6.31821,22273.5,3.56627
invariant,192000,1,0.95,0,1140,1160,1107.5,17.8024,0.00212527,0.0570297,7.43416,5.05425,5.05425,22273.5,5.8161
invariant,192000,2,0.5,0,1040,1050,572.5,46.3391,0.000827096,0.056734,5.75206,5.65723,5.65723,20330.6,-0.5678
invariant,192000,2,0.877465,0,1040,1050,722.5,24.9482,0.00153626,0.056734,7.77828,5.31248,5.31248,20330.6,3.28875
invariant,192000,2,0.95,0,1040,1050,730,20.2763,0.00189023,0.056734,6.23556,4.20523,4.20523,20330.6,4.82966
